date,close
2015-11-30,105.86287689208984
2015-12-01,106.92132568359375
2015-12-02,106.26213073730469
2015-12-03,104.4609146118164
2015-12-04,106.90274047851562
2015-12-07,106.41997528076172
2015-12-08,106.42924499511719
2015-12-09,104.81373596191406
2015-12-10,105.28726959228516
2015-12-11,102.86398315429688
2015-12-14,103.64386749267578
2015-12-15,104.27521514892578
2015-12-16,105.82575225830078
2015-12-17,104.2845230102539
2015-12-18,102.2840805053711
2015-12-21,103.42027282714844
2015-12-22,104.1001205444336
2015-12-23,104.87309265136719
2015-12-24,104.85445404052734
2015-12-28,104.79859161376953
2015-12-29,106.44697570800781
2015-12-30,105.48775482177734
2015-12-31,104.17461395263672
2016-01-04,101.97676849365234
2016-01-05,101.79981231689453
2016-01-06,100.82195281982422
2016-01-07,97.66487121582031
2016-01-08,96.86397552490234
2016-01-11,97.16195678710938
2016-01-12,98.2888412475586
2016-01-13,94.89893341064453
2016-01-14,96.91985321044922
2016-01-15,93.9117660522461
2016-01-19,94.11663818359375
2016-01-20,93.82794952392578
2016-01-21,93.92109680175781
2016-01-22,96.64044952392578
2016-01-25,95.20625305175781
2016-01-26,96.06304931640625
2016-01-27,93.66960144042969
2016-01-28,94.99205780029297
2016-01-29,96.97571563720703
2016-02-01,97.2364730834961
2016-02-02,95.13174438476562
2016-02-03,94.6754150390625
2016-02-04,94.66610717773438
2016-02-05,91.37863159179688
2016-02-08,89.98168182373047
2016-02-09,89.70230102539062
2016-02-10,90.04686737060547
2016-02-11,89.91649627685547
2016-02-12,91.28549194335938
2016-02-16,93.3436508178711
2016-02-17,95.45770263671875
2016-02-18,94.36809539794922
2016-02-19,94.64747619628906
2016-02-22,96.18408966064453
2016-02-23,94.60092163085938
2016-02-24,95.50425720214844
2016-02-25,96.44486236572266
2016-02-26,96.32381439208984
2016-02-29,95.45770263671875
2016-03-01,98.52169036865234
2016-03-02,98.55890655517578
2016-03-03,98.37264251708984
2016-03-04,98.409912109375
2016-03-07,97.80457305908203
2016-03-08,96.99434661865234
2016-03-09,97.61829376220703
2016-03-10,97.46930694580078
2016-03-11,99.1735610961914
2016-03-14,99.3412094116211
2016-03-15,99.30393981933594
2016-03-16,100.18866729736328
2016-03-17,100.13279724121094
2016-03-18,100.28972625732422
2016-03-21,100.6820297241211
2016-03-22,100.99026489257812
2016-03-23,100.1589584350586
2016-03-24,100.1869888305664
2016-03-28,100.04686737060547
2016-03-29,101.6534652709961
2016-03-30,102.14850616455078
2016-03-31,101.99905395507812
2016-04-01,103.08255004882812
2016-04-04,102.69024658203125
2016-04-05,101.70015716552734
2016-04-06,103.37211608886719
2016-04-07,101.88694763183594
2016-04-08,101.81224822998047
2016-04-11,101.43862915039062
2016-04-12,102.28862762451172
2016-04-13,103.5963134765625
2016-04-14,103.60560607910156
2016-04-15,103.34407806396484
2016-04-18,103.89518737792969
2016-04-19,103.26004028320312
2016-04-20,103.34407806396484
2016-04-21,103.3534164428711
2016-04-22,101.79354858398438
2016-04-25,101.79354858398438
2016-04-26,101.29851531982422
2016-04-27,100.48587799072266
2016-04-28,99.27159881591797
2016-04-29,98.74853515625
2016-05-02,99.6825942993164
2016-05-03,98.75787353515625
2016-05-04,98.12271118164062
2016-05-05,98.09468078613281
2016-05-06,98.61775207519531
2016-05-09,98.89797973632812
2016-05-10,100.25235748291016
2016-05-11,99.34632110595703
2016-05-12,98.90733337402344
2016-05-13,98.54304504394531
2016-05-16,99.77597045898438
2016-05-17,98.52433776855469
2016-05-18,98.87930297851562
2016-05-19,98.36555480957031
2016-05-20,99.44906616210938
2016-05-23,99.31829833984375
2016-05-24,101.30785369873047
2016-05-25,102.03641510009766
2016-05-26,102.3353042602539
2016-05-27,102.86770629882812
2016-05-31,103.06387329101562
2016-06-01,103.07322692871094
2016-06-02,103.28804779052734
2016-06-03,102.80233001708984
2016-06-06,103.17594909667969
2016-06-07,102.9144287109375
2016-06-08,103.09188079833984
2016-06-09,102.92375183105469
2016-06-10,101.7562255859375
2016-06-13,100.90617370605469
2016-06-14,100.90617370605469
2016-06-15,100.61664581298828
2016-06-16,100.91551971435547
2016-06-17,99.73267364501953
2016-06-20,100.36017608642578
2016-06-21,100.67859649658203
2016-06-22,100.43510437011719
2016-06-23,101.8680191040039
2016-06-24,97.67227935791016
2016-06-27,95.733642578125
2016-06-28,97.83151245117188
2016-06-29,99.5640869140625
2016-06-30,100.71605682373047
2016-07-01,101.22179412841797
2016-07-05,100.60366821289062
2016-07-06,101.42784118652344
2016-07-07,101.72752380371094
2016-07-08,103.3009262084961
2016-07-11,103.89093780517578
2016-07-12,104.41539001464844
2016-07-13,104.16250610351562
2016-07-14,104.87430572509766
2016-07-15,104.70571899414062
2016-07-18,105.39876556396484
2016-07-19,105.01480102539062
2016-07-20,106.24165344238281
2016-07-21,105.99817657470703
2016-07-22,106.43836975097656
2016-07-25,106.44772338867188
2016-07-26,106.56947326660156
2016-07-27,107.30931854248047
2016-07-28,107.6839599609375
2016-07-29,107.91807556152344
2016-08-01,108.4893798828125
2016-08-02,107.66519927978516
2016-08-03,108.0210952758789
2016-08-04,108.33015441894531
2016-08-05,109.36976623535156
2016-08-08,109.24798583984375
2016-08-09,109.50086975097656
2016-08-10,109.21988677978516
2016-08-11,109.68817138671875
2016-08-12,109.7630844116211
2016-08-15,110.23135375976562
2016-08-16,109.62259674072266
2016-08-17,109.81930541992188
2016-08-18,109.84736633300781
2016-08-19,109.81930541992188
2016-08-22,109.90353393554688
2016-08-23,110.10025787353516
2016-08-24,109.38847351074219
2016-08-25,109.21052551269531
2016-08-26,109.36976623535156
2016-08-29,109.51957702636719
2016-08-30,109.1636734008789
2016-08-31,109.05130767822266
2016-09-01,109.332275390625
2016-09-02,109.68817138671875
2016-09-06,110.3718490600586
2016-09-07,110.43739318847656
2016-09-08,109.79117584228516
2016-09-09,107.02836608886719
2016-09-12,108.94827270507812
2016-09-13,107.97425842285156
2016-09-14,108.4893798828125
2016-09-15,110.17515563964844
2016-09-16,110.12258911132812
2016-09-19,109.64374542236328
2016-09-20,109.85031127929688
2016-09-21,110.93001556396484
2016-09-22,111.81257629394531
2016-09-23,111.0990219116211
2016-09-26,110.16954040527344
2016-09-27,111.25865173339844
2016-09-28,111.44644165039062
2016-09-29,110.63895416259766
2016-09-30,111.46521759033203
2016-10-03,111.30558013916016
2016-10-04,111.13656616210938
2016-10-05,111.53092193603516
2016-10-06,111.474609375
2016-10-07,111.23047637939453
2016-10-10,111.93465423583984
2016-10-11,110.33853149414062
2016-10-12,110.24463653564453
2016-10-13,109.85031127929688
2016-10-14,109.98175811767578
2016-10-17,109.68132781982422
2016-10-18,110.65776824951172
2016-10-19,110.64836120605469
2016-10-20,110.51690673828125
2016-10-21,110.93001556396484
2016-10-24,112.26324462890625
2016-10-25,111.9064712524414
2016-10-26,111.14598083496094
2016-10-27,110.63895416259766
2016-10-28,109.94417572021484
2016-10-31,109.84090423583984
2016-11-01,109.01470947265625
2016-11-02,108.14151000976562
2016-11-03,107.08058166503906
2016-11-04,106.70502471923828
2016-11-07,109.24005126953125
2016-11-08,109.95356750488281
2016-11-09,110.4605712890625
2016-11-10,108.67669677734375
2016-11-11,108.72362518310547
2016-11-14,107.62515258789062
2016-11-15,109.11795043945312
2016-11-16,109.76580810546875
2016-11-17,110.5638427734375
2016-11-18,110.15077209472656
2016-11-21,111.29621124267578
2016-11-22,111.63420104980469
2016-11-23,111.18352508544922
2016-11-25,111.54029083251953
2016-11-28,111.28681945800781
2016-11-29,111.67174530029297
2016-11-30,110.31974029541016
2016-12-01,108.41380310058594
2016-12-02,108.6297378540039
2016-12-05,109.4747543334961
2016-12-06,109.73764038085938
2016-12-07,111.12720489501953
2016-12-08,111.32433319091797
2016-12-09,112.19755554199219
2016-12-12,111.6905288696289
2016-12-13,113.09886932373047
2016-12-14,112.8641586303711
2016-12-15,113.04252624511719
2016-12-16,112.62349700927734
2016-12-19,113.08490753173828
2016-12-20,113.51808166503906
2016-12-21,113.4333267211914
2016-12-22,113.11316680908203
2016-12-23,113.1884994506836
2016-12-27,113.7723388671875
2016-12-28,112.88716125488281
2016-12-29,112.72708129882812
2016-12-30,111.56884002685547
2017-01-03,112.56698608398438
2017-01-04,113.1790771484375
2017-01-05,113.81941986083984
2017-01-06,114.81755828857422
2017-01-09,115.19424438476562
2017-01-10,115.44853210449219
2017-01-11,115.75926971435547
2017-01-12,115.58032989501953
2017-01-13,115.97583770751953
2017-01-17,115.62741088867188
2017-01-18,115.86284637451172
2017-01-19,115.80632781982422
2017-01-20,116.06058502197266
2017-01-23,116.15474700927734
2017-01-24,116.93632507324219
2017-01-25,118.11341857910156
2017-01-26,118.23583221435547
2017-01-27,118.46185302734375
2017-01-30,117.53901672363281
2017-01-31,117.30357360839844
2017-02-01,118.11341857910156
2017-02-02,118.00984954833984
2017-02-03,118.34882354736328
2017-02-06,118.4900894165039
2017-02-07,118.92325592041016
2017-02-08,119.12100982666016
2017-02-09,119.55418395996094
2017-02-10,119.94967651367188
2017-02-13,120.62770080566406
2017-02-14,121.0325927734375
2017-02-15,121.74825286865234
2017-02-16,121.7105941772461
2017-02-17,122.2379379272461
2017-02-21,122.84061431884766
2017-02-22,122.88768768310547
2017-02-23,122.4262466430664
2017-02-24,122.66166687011719
2017-02-27,122.81230926513672
2017-02-28,122.4356918334961
2017-03-01,123.77285766601562
2017-03-02,123.15135192871094
2017-03-03,123.37733459472656
2017-03-06,123.10424041748047
2017-03-07,122.8971176147461
2017-03-08,123.11366271972656
2017-03-09,123.20783233642578
2017-03-10,123.72574615478516
2017-03-13,123.93295288085938
2017-03-14,123.63162231445312
2017-03-15,124.39437103271484
2017-03-16,124.30958557128906
2017-03-17,124.26618957519531
2017-03-20,124.37944793701172
2017-03-21,122.49217987060547
2017-03-22,123.32255554199219
2017-03-23,123.01115417480469
2017-03-24,123.26592254638672
2017-03-27,123.4640884399414
2017-03-28,124.21900939941406
2017-03-29,124.79459381103516
2017-03-30,125.0022201538086
2017-03-31,124.91729736328125
2017-04-03,124.84178924560547
2017-04-04,125.03997802734375
2017-04-05,124.53038787841797
2017-04-06,124.596435546875
2017-04-07,124.53038787841797
2017-04-10,124.57760620117188
2017-04-11,124.03975677490234
2017-04-12,123.53961944580078
2017-04-13,123.04891967773438
2017-04-17,124.06803894042969
2017-04-18,123.87931060791016
2017-04-19,124.07746887207031
2017-04-20,125.115478515625
2017-04-21,125.08712768554688
2017-04-24,126.59693145751953
2017-04-25,127.51229095458984
2017-04-26,127.33293914794922
2017-04-27,128.09730529785156
2017-04-28,128.32383728027344
2017-05-01,129.465576171875
2017-05-02,129.6826171875
2017-05-03,129.26744079589844
2017-05-04,129.31460571289062
2017-05-05,129.786376953125
2017-05-08,130.06948852539062
2017-05-09,130.52244567871094
2017-05-10,130.597900390625
2017-05-11,130.49412536621094
2017-05-12,130.78662109375
2017-05-15,131.2018280029297
2017-05-16,131.74916076660156
2017-05-17,128.39927673339844
2017-05-18,129.52218627929688
2017-05-19,130.06948852539062
2017-05-22,131.1641082763672
2017-05-23,131.2961883544922
2017-05-24,131.900146484375
2017-05-25,133.02297973632812
2017-05-26,133.2589874267578
2017-05-30,133.37220764160156
2017-05-31,133.32504272460938
2017-06-01,133.84396362304688
2017-06-02,135.37265014648438
2017-06-05,135.34432983398438
2017-06-06,134.80645751953125
2017-06-07,135.3349151611328
2017-06-08,135.47645568847656
2017-06-09,132.08889770507812
2017-06-12,131.3811492919922
2017-06-13,132.44741821289062
2017-06-14,131.87181091308594
2017-06-15,131.28675842285156
2017-06-16,130.71719360351562
2017-06-19,132.9028778076172
2017-06-20,131.86207580566406
2017-06-21,133.1678009033203
2017-06-22,133.1299591064453
2017-06-23,133.6409454345703
2017-06-26,133.01641845703125
2017-06-27,130.60362243652344
2017-06-28,132.48655700683594
2017-06-29,130.18728637695312
2017-06-30,130.2345428466797
2017-07-03,128.8626251220703
2017-07-05,130.13052368164062
2017-07-06,128.95724487304688
2017-07-07,130.3480987548828
2017-07-10,131.19969177246094
2017-07-11,131.56874084472656
2017-07-12,133.1299591064453
2017-07-13,133.4232635498047
2017-07-14,134.47352600097656
2017-07-17,134.53982543945312
2017-07-18,135.43869018554688
2017-07-19,136.23350524902344
2017-07-20,136.4132843017578
2017-07-21,136.35647583007812
2017-07-24,136.98101806640625
2017-07-25,136.6309051513672
2017-07-26,137.0755615234375
2017-07-27,136.2145538330078
2017-07-28,136.10101318359375
2017-07-31,135.5238494873047
2017-08-01,135.8361053466797
2017-08-02,136.20509338378906
2017-08-03,135.6752471923828
2017-08-04,135.9212188720703
2017-08-07,136.7823028564453
2017-08-08,136.54571533203125
2017-08-09,136.36599731445312
2017-08-10,133.44223022460938
2017-08-11,134.4546661376953
2017-08-14,136.18617248535156
2017-08-15,136.28079223632812
2017-08-16,136.51734924316406
2017-08-17,133.72607421875
2017-08-18,133.63145446777344
2017-08-21,133.4611358642578
2017-08-22,135.4954376220703
2017-08-23,135.01287841796875
2017-08-24,134.615478515625
2017-08-25,134.33168029785156
2017-08-28,134.7480010986328
2017-08-29,135.27783203125
2017-08-30,136.86741638183594
2017-08-31,138.3340606689453
2017-09-01,138.14479064941406
2017-09-05,136.9052734375
2017-09-06,137.32162475585938
2017-09-07,137.6432342529297
2017-09-08,136.45111083984375
2017-09-11,138.0218048095703
2017-09-12,138.35299682617188
2017-09-13,138.542236328125
2017-09-14,137.7284698486328
2017-09-15,138.20159912109375
2017-09-18,138.02049255371094
2017-09-19,138.25755310058594
2017-09-20,137.83084106445312
2017-09-21,136.98681640625
2017-09-22,136.85411071777344
2017-09-25,135.41268920898438
2017-09-26,135.7635955810547
2017-09-27,136.98681640625
2017-09-28,136.9394989013672
2017-09-29,137.92562866210938
2017-10-02,138.04896545410156
2017-10-03,138.3428497314453
2017-10-04,138.47561645507812
2017-10-05,139.8316650390625
2017-10-06,140.0213165283203
2017-10-09,139.86012268066406
2017-10-10,139.9644012451172
2017-10-11,140.3816375732422
2017-10-12,140.1256103515625
2017-10-13,140.66610717773438
2017-10-16,141.1497802734375
2017-10-17,141.32992553710938
2017-10-18,141.1592559814453
2017-10-19,140.6376495361328
2017-10-20,141.01699829101562
2017-10-23,140.09719848632812
2017-10-24,140.3342742919922
2017-10-25,139.80323791503906
2017-10-26,139.35748291015625
2017-10-27,143.41610717773438
2017-10-30,143.7385711669922
2017-10-31,144.279052734375
2017-11-01,144.23158264160156
2017-11-02,143.9566192626953
2017-11-03,145.34109497070312
2017-11-06,145.8341827392578
2017-11-07,145.91957092285156
2017-11-08,146.5074920654297
2017-11-09,145.73936462402344
2017-11-10,145.7299346923828
2017-11-13,145.91001892089844
2017-11-14,145.37899780273438
2017-11-15,144.69630432128906
2017-11-16,146.54539489746094
2017-11-17,145.9859161376953
2017-11-20,145.8721466064453
2017-11-21,147.45574951171875
2017-11-22,147.6358642578125
2017-11-24,148.17640686035156
2017-11-27,148.110107421875
2017-11-28,148.4893035888672
2017-11-29,145.90060424804688
2017-11-30,147.12380981445312
2017-12-01,146.49798583984375
2017-12-04,144.8101043701172
2017-12-05,144.90487670898438
2017-12-06,145.55923461914062
2017-12-07,146.0522918701172
2017-12-08,146.69711303710938
2017-12-11,147.83502197265625
2017-12-12,147.6358642578125
2017-12-13,147.92039489746094
2017-12-14,147.8160858154297
2017-12-15,149.49453735351562
2017-12-18,150.74790954589844
2017-12-19,149.85462951660156
2017-12-20,149.69308471679688
2017-12-21,149.712158203125
2017-12-22,149.54104614257812
2017-12-26,148.73338317871094
2017-12-27,148.7523193359375
2017-12-28,148.9329071044922
2017-12-29,148.01113891601562
2018-01-02,150.60536193847656
2018-01-03,152.0687255859375
2018-01-04,152.3347930908203
2018-01-05,153.8647003173828
2018-01-08,154.46339416503906
2018-01-09,154.47286987304688
2018-01-10,154.1117706298828
2018-01-11,155.16656494140625
2018-01-12,156.30682373046875
2018-01-16,155.8602294921875
2018-01-17,157.54217529296875
2018-01-18,157.57070922851562
2018-01-19,158.06483459472656
2018-01-22,159.75625610351562
2018-01-23,161.0771484375
2018-01-24,160.03182983398438
2018-01-25,159.97483825683594
2018-01-26,162.42649841308594
2018-01-29,161.63780212402344
2018-01-30,160.30743408203125
2018-01-31,160.9725799560547
2018-02-01,159.6042022705078
2018-02-02,156.42091369628906
2018-02-05,150.25376892089844
2018-02-06,154.23532104492188
2018-02-07,152.23980712890625
2018-02-08,145.81610107421875
2018-02-09,148.33428955078125
2018-02-12,150.96646118164062
2018-02-13,151.74566650390625
2018-02-14,154.5868682861328
2018-02-15,157.45664978027344
2018-02-16,156.7534942626953
2018-02-20,157.06707763671875
2018-02-21,156.62042236328125
2018-02-22,156.60147094726562
2018-02-23,159.80377197265625
2018-02-26,161.92286682128906
2018-02-27,159.9178009033203
2018-02-28,158.8915557861328
2018-03-01,156.29737854003906
2018-03-02,157.73226928710938
2018-03-05,159.480712890625
2018-03-06,160.15536499023438
2018-03-07,160.5259552001953
2018-03-08,161.4097137451172
2018-03-09,164.54554748535156
2018-03-12,165.41976928710938
2018-03-13,163.1676788330078
2018-03-14,163.13914489746094
2018-03-15,162.99661254882812
2018-03-16,162.5120086669922
2018-03-19,159.0446319580078
2018-03-20,159.56808471679688
2018-03-21,158.8733367919922
2018-03-22,154.95188903808594
2018-03-23,150.86874389648438
2018-03-26,156.4748077392578
2018-03-27,151.4112548828125
2018-03-28,149.66944885253906
2018-03-29,152.41064453125
2018-04-02,148.01333618164062
2018-04-03,149.67898559570312
2018-04-04,152.0394287109375
2018-04-05,152.90554809570312
2018-04-06,149.07936096191406
2018-04-09,150.12628173828125
2018-04-10,153.4385528564453
2018-04-11,152.55340576171875
2018-04-12,154.39039611816406
2018-04-13,153.59088134765625
2018-04-16,154.76156616210938
2018-04-17,158.09286499023438
2018-04-18,158.4164276123047
2018-04-19,156.960205078125
2018-04-20,154.47605895996094
2018-04-23,154.0858154296875
2018-04-24,150.82115173339844
2018-04-25,151.00198364257812
2018-04-26,154.18092346191406
2018-04-27,154.27615356445312
2018-04-30,153.18161010742188
2018-05-01,154.93289184570312
2018-05-02,154.01918029785156
2018-05-03,154.00013732910156
2018-05-04,156.92210388183594
2018-05-07,158.22607421875
2018-05-08,158.0642852783203
2018-05-09,159.78701782226562
2018-05-10,161.44313049316406
2018-05-11,161.29083251953125
2018-05-14,161.56687927246094
2018-05-15,159.7775115966797
2018-05-16,160.83401489257812
2018-05-17,160.21531677246094
2018-05-18,159.38726806640625
2018-05-21,160.2819366455078
2018-05-22,160.07257080078125
2018-05-23,161.424072265625
2018-05-24,161.37652587890625
2018-05-25,161.53829956054688
2018-05-29,160.82449340820312
2018-05-30,161.9761505126953
2018-05-31,161.87142944335938
2018-06-01,164.4127655029297
2018-06-04,165.89755249023438
2018-06-05,166.4114990234375
2018-06-06,167.38235473632812
2018-06-07,166.021240234375
2018-06-08,166.03077697753906
2018-06-11,166.4781036376953
2018-06-12,167.35377502441406
2018-06-13,167.34426879882812
2018-06-14,169.0384521484375
2018-06-15,168.44834899902344
2018-06-18,168.35105895996094
2018-06-19,167.87413024902344
2018-06-20,169.06639099121094
2018-06-21,167.5975341796875
2018-06-22,167.22557067871094
2018-06-25,163.4578857421875
2018-06-26,164.12557983398438
2018-06-27,161.89364624023438
2018-06-28,163.28616333007812
2018-06-29,163.72496032714844
2018-07-02,164.82188415527344
2018-07-03,162.9142608642578
2018-07-05,164.9363250732422
2018-07-06,167.50216674804688
2018-07-09,169.00917053222656
2018-07-10,169.13319396972656
2018-07-11,168.27476501464844
2018-07-12,171.17437744140625
2018-07-13,171.31744384765625
2018-07-16,170.90724182128906
2018-07-17,171.947021484375
2018-07-18,171.62266540527344
2018-07-19,170.7642822265625
2018-07-20,170.72610473632812
2018-07-23,171.26979064941406
2018-07-24,171.97560119628906
2018-07-25,174.37928771972656
2018-07-26,171.73712158203125
2018-07-27,169.41932678222656
2018-07-30,167.02520751953125
2018-07-31,168.30332946777344
2018-08-01,168.9423370361328
2018-08-02,171.2411651611328
2018-08-03,171.7657470703125
2018-08-06,172.7768096923828
2018-08-07,173.40634155273438
2018-08-08,173.61619567871094
2018-08-09,173.51124572753906
2018-08-10,172.1854248046875
2018-08-13,171.99465942382812
2018-08-14,173.07249450683594
2018-08-15,170.9550018310547
2018-08-16,171.51773071289062
2018-08-17,171.555908203125
2018-08-20,171.4033203125
2018-08-21,172.03285217285156
2018-08-22,172.7004852294922
2018-08-23,172.45249938964844
2018-08-24,174.05491638183594
2018-08-27,175.82908630371094
2018-08-28,176.08660888671875
2018-08-29,178.11825561523438
2018-08-30,177.80349731445312
2018-08-31,178.03244018554688
2018-09-04,177.26937866210938
2018-09-05,174.9801788330078
2018-09-06,173.41587829589844
2018-09-07,172.74819946289062
2018-09-10,173.330078125
2018-09-11,174.6654052734375
2018-09-12,174.1503448486328
2018-09-13,176.01026916503906
2018-09-14,175.4952392578125
2018-09-17,172.9676055908203
2018-09-18,174.39833068847656
2018-09-19,174.2647705078125
2018-09-20,176.19151306152344
2018-09-21,175.22817993164062
2018-09-24,175.71548461914062
2018-09-25,175.95440673828125
2018-09-26,176.07859802246094
2018-09-27,177.56927490234375
2018-09-28,177.531005859375
2018-10-01,177.8941192626953
2018-10-02,177.49278259277344
2018-10-03,177.68394470214844
2018-10-04,174.27256774902344
2018-10-05,172.14173889160156
2018-10-08,171.0906524658203
2018-10-09,171.64486694335938
2018-10-10,164.09600830078125
2018-10-11,162.06072998046875
2018-10-12,166.57089233398438
2018-10-15,164.5546875
2018-10-16,169.3419952392578
2018-10-17,169.4088592529297
2018-10-18,165.48159790039062
2018-10-19,165.32870483398438
2018-10-22,166.1791534423828
2018-10-23,165.56756591796875
2018-10-24,157.9900665283203
2018-10-25,163.45584106445312
2018-10-26,159.25144958496094
2018-10-29,155.97389221191406
2018-10-30,158.54432678222656
2018-10-31,162.27093505859375
2018-11-01,164.411376953125
2018-11-02,161.85052490234375
2018-11-05,161.44915771484375
2018-11-06,162.67227172851562
2018-11-07,167.77490234375
2018-11-08,166.7046356201172
2018-11-09,163.8953399658203
2018-11-12,158.93605041503906
2018-11-13,159.0698699951172
2018-11-14,157.8563232421875
2018-11-15,160.6178436279297
2018-11-16,160.05409240722656
2018-11-19,154.8559112548828
2018-11-20,152.0848388671875
2018-11-21,153.24105834960938
2018-11-23,152.13259887695312
2018-11-26,155.64903259277344
2018-11-27,156.17453002929688
2018-11-28,161.2007293701172
2018-11-29,160.67520141601562
2018-11-30,161.8409423828125
2018-12-03,164.66934204101562
2018-12-04,158.35324096679688
2018-12-06,159.47117614746094
2018-12-07,154.20611572265625
2018-12-10,155.82101440429688
2018-12-11,156.33697509765625
2018-12-12,157.71299743652344
2018-12-13,157.7607879638672
2018-12-14,153.91946411132812
2018-12-17,150.43173217773438
2018-12-18,151.37770080566406
2018-12-19,147.66061401367188
2018-12-20,145.5201873779297
2018-12-21,141.010009765625
2018-12-24,137.5132598876953
2018-12-26,146.09947204589844
2018-12-27,146.66482543945312
2018-12-28,146.58816528320312
2018-12-31,147.82437133789062
2019-01-02,148.4185028076172
2019-01-03,143.56961059570312
2019-01-04,149.71217346191406
2019-01-07,151.4945831298828
2019-01-08,152.86492919921875
2019-01-09,154.1106719970703
2019-01-10,154.55149841308594
2019-01-11,153.986083984375
2019-01-14,152.62530517578125
2019-01-15,155.60560607910156
2019-01-16,155.57684326171875
2019-01-17,156.803466796875
2019-01-18,158.3558807373047
2019-01-22,155.1839599609375
2019-01-23,155.38516235351562
2019-01-24,156.3914031982422
2019-01-25,158.2600555419922
2019-01-28,156.30514526367188
2019-01-29,154.8293914794922
2019-01-30,158.76791381835938
2019-01-31,161.14447021484375
2019-02-01,160.46408081054688
2019-02-04,162.45729064941406
2019-02-05,163.89471435546875
2019-02-06,163.40597534179688
2019-02-07,161.2115478515625
2019-02-08,161.5277557373047
2019-02-11,161.37445068359375
2019-02-12,163.7605743408203
2019-02-13,163.87557983398438
2019-02-14,164.0767822265625
2019-02-15,164.76678466796875
2019-02-19,165.0925750732422
2019-02-20,165.06382751464844
2019-02-21,164.4601287841797
2019-02-22,165.67713928222656
2019-02-25,166.28082275390625
2019-02-26,166.45333862304688
2019-02-27,166.34793090820312
2019-02-28,165.96461486816406
2019-03-01,167.1145782470703
2019-03-04,167.143310546875
2019-03-05,167.26788330078125
2019-03-06,166.3191680908203
2019-03-07,164.27804565429688
2019-03-08,164.02890014648438
2019-03-11,167.4403533935547
2019-03-12,168.3603057861328
2019-03-13,169.625244140625
2019-03-14,169.33775329589844
2019-03-15,170.9093475341797
2019-03-18,171.31634521484375
2019-03-19,171.8924102783203
2019-03-20,172.57400512695312
2019-03-21,175.27169799804688
2019-03-22,171.42202758789062
2019-03-25,171.09559631347656
2019-03-26,171.8924102783203
2019-03-27,170.78836059570312
2019-03-28,171.18194580078125
2019-03-29,172.47801208496094
2019-04-01,174.76284790039062
2019-04-02,175.42527770996094
2019-04-03,176.43333435058594
2019-04-04,176.36611938476562
2019-04-05,177.2781524658203
2019-04-08,177.72938537597656
2019-04-09,177.10533142089844
2019-04-10,178.05575561523438
2019-04-11,177.63333129882812
2019-04-12,178.40133666992188
2019-04-15,178.43014526367188
2019-04-16,179.04461669921875
2019-04-17,179.66859436035156
2019-04-18,179.89901733398438
2019-04-22,180.40780639648438
2019-04-23,182.70225524902344
2019-04-24,182.12628173828125
2019-04-25,182.865478515625
2019-04-26,183.02865600585938
2019-04-29,183.3839111328125
2019-04-30,181.96298217773438
2019-05-01,181.37741088867188
2019-05-02,180.5902099609375
2019-05-03,183.47027587890625
2019-05-06,182.34706115722656
2019-05-07,178.79495239257812
2019-05-08,178.34373474121094
2019-05-09,177.38372802734375
2019-05-10,177.60455322265625
2019-05-13,171.44117736816406
2019-05-14,173.32281494140625
2019-05-15,175.7709503173828
2019-05-16,177.53733825683594
2019-05-17,175.722900390625
2019-05-20,172.7564239501953
2019-05-21,174.56121826171875
2019-05-22,173.7836456298828
2019-05-23,171.12437438964844
2019-05-24,171.0379638671875
2019-05-28,170.39479064941406
2019-05-29,168.9931640625
2019-05-30,169.70352172851562
2019-05-31,166.99627685546875
2019-06-03,163.3193359375
2019-06-04,167.9178924560547
2019-06-05,169.1659393310547
2019-06-06,170.50994873046875
2019-06-07,173.8028564453125
2019-06-10,175.82846069335938
2019-06-11,176.06849670410156
2019-06-12,175.0509033203125
2019-06-13,176.08770751953125
2019-06-14,175.33883666992188
2019-06-17,176.39492797851562
2019-06-18,178.9582061767578
2019-06-19,179.6302032470703
2019-06-20,181.30062866210938
2019-06-21,181.03182983398438
2019-06-24,181.03765869140625
2019-06-25,177.9298553466797
2019-06-26,178.75730895996094
2019-06-27,179.44046020507812
2019-06-28,179.67135620117188
2019-07-01,182.0959930419922
2019-07-02,182.8175811767578
2019-07-03,184.19345092773438
2019-07-05,183.81822204589844
2019-07-08,182.5289306640625
2019-07-09,183.44293212890625
2019-07-10,185.27108764648438
2019-07-11,185.13633728027344
2019-07-12,186.2042999267578
2019-07-15,186.8009033203125
2019-07-16,185.83871459960938
2019-07-17,184.92469787597656
2019-07-18,185.13633728027344
2019-07-19,183.77972412109375
2019-07-22,185.2421875
2019-07-23,186.45452880859375
2019-07-24,187.76303100585938
2019-07-25,185.98306274414062
2019-07-26,187.89772033691406
2019-07-29,187.25311279296875
2019-07-30,186.44488525390625
2019-07-31,183.86630249023438
2019-08-01,182.95233154296875
2019-08-02,180.2582550048828
2019-08-05,173.88885498046875
2019-08-06,176.32310485839844
2019-08-07,177.2755889892578
2019-08-08,181.1338348388672
2019-08-09,179.43084716796875
2019-08-12,177.37184143066406
2019-08-13,181.2588653564453
2019-08-14,175.84201049804688
2019-08-15,175.6399688720703
2019-08-16,178.45907592773438
2019-08-19,181.29736328125
2019-08-20,179.89268493652344
2019-08-21,181.48980712890625
2019-08-22,180.90289306640625
2019-08-23,175.17816162109375
2019-08-26,177.82406616210938
2019-08-27,177.4488067626953
2019-08-28,178.08383178710938
2019-08-29,180.8066864013672
2019-08-30,180.37374877929688
2019-09-03,178.62255859375
2019-09-04,181.20115661621094
2019-09-05,184.52059936523438
2019-09-06,184.33778381347656
2019-09-09,183.9529266357422
2019-09-10,183.42372131347656
2019-09-11,185.1459503173828
2019-09-12,185.91567993164062
2019-09-13,185.25180053710938
2019-09-16,184.4243621826172
2019-09-17,185.30955505371094
2019-09-18,185.2325439453125
2019-09-19,185.54043579101562
2019-09-20,183.57766723632812
2019-09-23,183.6586456298828
2019-09-24,181.219482421875
2019-09-25,183.25375366210938
2019-09-26,182.57891845703125
2019-09-27,180.31324768066406
2019-09-30,182.0293426513672
2019-10-01,180.54469299316406
2019-10-02,177.44027709960938
2019-10-03,179.3877410888672
2019-10-04,182.0293426513672
2019-10-07,181.47982788085938
2019-10-08,178.76112365722656
2019-10-09,180.5060577392578
2019-10-10,181.9039764404297
2019-10-11,184.24679565429688
2019-10-14,184.22747802734375
2019-10-15,186.5701904296875
2019-10-16,186.10745239257812
2019-10-17,186.5991668701172
2019-10-18,184.80589294433594
2019-10-21,186.44488525390625
2019-10-22,184.96018981933594
2019-10-23,185.31690979003906
2019-10-24,187.11972045898438
2019-10-25,188.6140594482422
2019-10-28,190.4747772216797
2019-10-29,188.99969482421875
2019-10-30,189.91558837890625
2019-10-31,190.00233459472656
2019-11-01,191.72808837890625
2019-11-04,192.91392517089844
2019-11-05,193.0199737548828
2019-11-06,192.58609008789062
2019-11-07,193.23202514648438
2019-11-08,194.00323486328125
2019-11-11,193.7429962158203
2019-11-12,194.3022003173828
2019-11-13,194.35035705566406
2019-11-14,194.19613647460938
2019-11-15,195.6230010986328
2019-11-18,195.77725219726562
2019-11-19,196.06643676757812
2019-11-20,194.89028930664062
2019-11-21,194.4564208984375
2019-11-22,194.581787109375
2019-11-25,196.88592529296875
2019-11-26,197.2618865966797
2019-11-27,198.6405487060547
2019-11-29,197.7342987060547
2019-12-02,195.70973205566406
2019-12-03,194.17684936523438
2019-12-04,195.16018676757812
2019-12-05,195.54588317871094
2019-12-06,197.637939453125
2019-12-09,196.7413330078125
2019-12-10,196.57742309570312
2019-12-11,197.61863708496094
2019-12-12,199.09371948242188
2019-12-13,199.74928283691406
2019-12-16,201.75453186035156
2019-12-17,201.8702850341797
2019-12-18,202.02452087402344
2019-12-19,203.2874755859375
2019-12-20,204.10696411132812
2019-12-23,204.64610290527344
2019-12-24,204.75234985351562
2019-12-26,206.55909729003906
2019-12-27,206.38519287109375
2019-12-30,205.0325469970703
2019-12-31,205.41903686523438
2020-01-02,208.84898376464844
2020-01-03,206.93589782714844
2020-01-06,208.2692108154297
2020-01-07,208.24021911621094
2020-01-08,209.80545043945312
2020-01-09,211.58323669433594
2020-01-10,211.0421600341797
2020-01-13,213.4769287109375
2020-01-14,212.63636779785156
2020-01-15,212.7233123779297
2020-01-16,214.76194763183594
2020-01-17,215.8247528076172
2020-01-21,215.72813415527344
2020-01-22,216.2981414794922
2020-01-23,216.99383544921875
2020-01-24,215.16773986816406
2020-01-27,210.72337341308594
2020-01-28,213.96005249023438
2020-01-29,214.30789184570312
2020-01-30,215.0711212158203
2020-01-31,211.6605224609375
2020-02-03,214.8585968017578
2020-02-04,219.7764129638672
2020-02-05,220.50103759765625
2020-02-06,222.40440368652344
2020-02-07,221.44789123535156
2020-02-10,224.12423706054688
2020-02-11,224.16285705566406
2020-02-12,226.34640502929688
2020-02-13,226.0565948486328
2020-02-14,226.70391845703125
2020-02-18,226.7908935546875
2020-02-19,228.9647674560547
2020-02-20,226.83920288085938
2020-02-21,222.481689453125
2020-02-24,213.90206909179688
2020-02-25,208.085693359375
2020-02-26,209.15814208984375
2020-02-27,198.6847686767578
2020-02-28,198.83937072753906
2020-03-02,209.10015869140625
2020-03-03,202.39488220214844
2020-03-04,210.8392791748047
2020-03-05,204.43350219726562
2020-03-06,200.98428344726562
2020-03-09,187.02296447753906
2020-03-10,197.20651245117188
2020-03-11,188.6172332763672
2020-03-12,171.32261657714844
2020-03-13,185.8345947265625
2020-03-16,163.5738525390625
2020-03-17,175.9795684814453
2020-03-18,170.626953125
2020-03-19,171.65115356445312
2020-03-20,164.92649841308594
2020-03-23,165.0456085205078
2020-03-24,177.8263397216797
2020-03-25,176.50953674316406
2020-03-26,185.8045654296875
2020-03-27,179.41429138183594
2020-03-30,185.9401397705078
2020-03-31,184.35223388671875
2020-04-01,176.51919555664062
2020-04-02,180.10165405273438
2020-04-03,177.54554748535156
2020-04-06,190.23910522460938
2020-04-07,190.16159057617188
2020-04-08,194.19920349121094
2020-04-09,194.4800262451172
2020-04-13,196.5811004638672
2020-04-14,205.130615234375
2020-04-15,202.77781677246094
2020-04-16,206.47642517089844
2020-04-17,208.45166015625
2020-04-20,205.98263549804688
2020-04-21,198.3820037841797
2020-04-22,204.26885986328125
2020-04-23,203.83314514160156
2020-04-24,207.04771423339844
2020-04-27,208.7130584716797
2020-04-28,204.7820587158203
2020-04-29,212.0438232421875
2020-04-30,211.95664978027344
2020-05-01,205.98263549804688
2020-05-04,208.38388061523438
2020-05-05,210.7464141845703
2020-05-06,212.0438232421875
2020-05-07,214.77426147460938
2020-05-08,217.71766662597656
2020-05-11,219.66380310058594
2020-05-12,215.064697265625
2020-05-13,212.37303161621094
2020-05-14,214.783935546875
2020-05-15,216.17820739746094
2020-05-18,220.20602416992188
2020-05-19,219.65414428710938
2020-05-20,224.04025268554688
2020-05-21,221.6002655029297
2020-05-22,222.36521911621094
2020-05-26,221.76492309570312
2020-05-27,222.9752197265625
2020-05-28,222.6847381591797
2020-05-29,225.9476776123047
2020-06-01,226.6254119873047
2020-06-02,228.14564514160156
2020-06-03,229.1719512939453
2020-06-04,227.5646209716797
2020-06-05,232.07666015625
2020-06-08,233.87754821777344
2020-06-09,235.57196044921875
2020-06-10,238.3992156982422
2020-06-11,226.5867462158203
2020-06-12,228.38766479492188
2020-06-15,231.16648864746094
2020-06-16,235.13624572753906
2020-06-17,235.8817596435547
2020-06-18,236.5208282470703
2020-06-19,236.4821014404297
2020-06-22,239.31817626953125
2020-06-23,241.35496520996094
2020-06-24,236.37928771972656
2020-06-25,238.62950134277344
2020-06-26,232.99427795410156
2020-06-29,235.5354461669922
2020-06-30,240.1522979736328
2020-07-01,242.955322265625
2020-07-02,244.6042022705078
2020-07-06,250.61773681640625
2020-07-07,248.89125061035156
2020-07-08,252.16958618164062
2020-07-09,254.29368591308594
2020-07-10,256.0299072265625
2020-07-13,250.76319885253906
2020-07-14,252.5381317138672
2020-07-15,253.05223083496094
2020-07-16,251.32574462890625
2020-07-17,251.61676025390625
2020-07-20,258.75537109375
2020-07-21,256.0589599609375
2020-07-22,256.9609680175781
2020-07-23,250.24917602539062
2020-07-24,247.87283325195312
2020-07-27,252.295654296875
2020-07-28,249.0852508544922
2020-07-29,251.95619201660156
2020-07-30,253.27523803710938
2020-07-31,257.79510498046875
2020-08-03,261.2771911621094
2020-08-04,262.2470703125
2020-08-05,262.8968200683594
2020-08-06,266.37890625
2020-08-07,263.30426025390625
2020-08-10,262.17913818359375
2020-08-11,257.2131042480469
2020-08-12,263.6824951171875
2020-08-13,264.283935546875
2020-08-14,263.9735412597656
2020-08-17,267.0385437011719
2020-08-18,269.60870361328125
2020-08-19,267.79498291015625
2020-08-20,271.50982666015625
2020-08-21,273.3913879394531
2020-08-24,275.09857177734375
2020-08-25,277.2614440917969
2020-08-26,283.17791748046875
2020-08-27,282.2953186035156
2020-08-28,283.7308044433594
2020-08-31,286.01007080078125
2020-09-01,290.8985290527344
2020-09-02,293.653076171875
2020-09-03,278.7647705078125
2020-09-04,275.0500183105469
2020-09-08,261.8299865722656
2020-09-09,269.5214538574219
2020-09-10,264.1481018066406
2020-09-11,262.3149108886719
2020-09-14,266.8832702636719
2020-09-15,270.66595458984375
2020-09-16,266.3497619628906
2020-09-17,262.18890380859375
2020-09-18,258.84259033203125
2020-09-21,259.4633483886719
2020-09-22,264.283935546875
2020-09-23,256.2141418457031
2020-09-24,257.4072265625
2020-09-25,263.3915710449219
2020-09-28,268.8619079589844
2020-09-29,267.6495361328125
2020-09-30,269.482666015625
2020-10-01,273.7599792480469
2020-10-02,266.058837890625
2020-10-05,271.73291015625
2020-10-06,266.8832702636719
2020-10-07,271.5000915527344
2020-10-08,272.9452819824219
2020-10-09,277.1159362792969
2020-10-12,285.6706848144531
2020-10-13,285.6609191894531
2020-10-14,283.2749328613281
2020-10-15,281.3738098144531
2020-10-16,279.831787109375
2020-10-19,275.2633972167969
2020-10-20,275.85504150390625
2020-10-21,275.64166259765625
2020-10-22,275.63201904296875
2020-10-23,276.17510986328125
2020-10-26,272.0335388183594
2020-10-27,274.1576232910156
2020-10-28,263.4692077636719
2020-10-29,268.0763244628906
2020-10-30,261.2771911621094
2020-11-02,261.85906982421875
2020-11-03,266.388671875
2020-11-04,278.2798767089844
2020-11-05,285.53485107421875
2020-11-06,285.7482604980469
2020-11-09,279.9092712402344
2020-11-10,274.89483642578125
2020-11-11,281.044189453125
2020-11-12,279.7250061035156
2020-11-13,282.178955078125
2020-11-16,284.3805847167969
2020-11-17,283.4786071777344
2020-11-18,281.38360595703125
2020-11-19,283.5853271484375
2020-11-20,281.6454772949219
2020-11-23,281.6551513671875
2020-11-24,285.6124572753906
2020-11-25,287.3680114746094
2020-11-27,290.0158386230469
2020-11-30,290.6075134277344
2020-12-01,294.3320007324219
2020-12-02,294.7102966308594
2020-12-03,295.1273193359375
2020-12-04,296.33013916015625
2020-12-07,298.008056640625
2020-12-08,299.0167236328125
2020-12-09,292.2467041015625
2020-12-10,293.42034912109375
2020-12-11,292.7704772949219
2020-12-14,294.8946228027344
2020-12-15,298.0468444824219
2020-12-16,299.68603515625
2020-12-17,301.6451721191406
2020-12-18,300.73358154296875
2020-12-21,300.1708984375
2020-12-22,300.9870910644531
2020-12-23,299.47125244140625
2020-12-24,300.792724609375
2020-12-28,303.824462890625
2020-12-29,304.09649658203125
2020-12-30,304.1061706542969
2020-12-31,304.8544006347656
2021-01-04,300.5499267578125
2021-01-05,303.0275573730469
2021-01-06,298.83001708984375
2021-01-07,306.059326171875
2021-01-08,309.99462890625
2021-01-11,305.51513671875
2021-01-12,305.029296875
2021-01-13,307.0892639160156
2021-01-14,305.4471130371094
2021-01-15,303.0275573730469
2021-01-19,307.44873046875
2021-01-20,314.6003112792969
2021-01-21,317.1169738769531
2021-01-22,316.2035827636719
2021-01-25,318.8173522949219
2021-01-26,319.2838134765625
2021-01-27,310.38330078125
2021-01-28,312.2197570800781
2021-01-29,305.6512145996094
2021-02-01,313.2885437011719
2021-02-02,318.3995666503906
2021-02-03,317.1363830566406
2021-02-04,320.8870544433594
2021-02-05,321.975341796875
2021-02-08,324.13250732421875
2021-02-09,324.0644226074219
2021-02-10,323.3260192871094
2021-02-11,325.10418701171875
2021-02-12,326.92120361328125
2021-02-16,326.03704833984375
2021-02-17,324.4725646972656
2021-02-18,323.0539245605469
2021-02-19,321.64495849609375
2021-02-22,313.3079528808594
2021-02-23,312.37518310546875
2021-02-24,314.9500732421875
2021-02-25,303.97015380859375
2021-02-26,305.2431335449219
2021-03-01,314.4254455566406
2021-03-02,309.3824157714844
2021-03-03,300.4041442871094
2021-03-04,295.4874572753906
2021-03-05,299.937744140625
2021-03-08,291.4452209472656
2021-03-09,302.940185546875
2021-03-10,302.0754089355469
2021-03-11,309.03253173828125
2021-03-12,306.525634765625
2021-03-15,309.8002014160156
2021-03-16,311.5007019042969
2021-03-17,312.7833251953125
2021-03-18,303.20257568359375
2021-03-19,304.2713928222656
2021-03-22,309.97747802734375
2021-03-23,308.62518310546875
2021-03-24,303.4200744628906
2021-03-25,302.8946838378906
2021-03-26,307.4381103515625
2021-03-29,307.3506164550781
2021-03-30,305.80377197265625
2021-03-31,310.4833984375
2021-04-01,315.7760314941406
2021-04-05,322.08038330078125
2021-04-06,321.85662841796875
2021-04-07,322.63494873046875
2021-04-08,326.00115966796875
2021-04-09,327.9761962890625
2021-04-12,327.5481872558594
2021-04-13,331.37158203125
2021-04-14,327.39251708984375
2021-04-15,332.3542175292969
2021-04-16,332.7434387207031
2021-04-19,329.6982727050781
2021-04-20,327.2951965332031
2021-04-21,330.09716796875
2021-04-22,326.1179504394531
2021-04-23,330.2236328125
2021-04-26,332.37371826171875
2021-04-27,330.9338073730469
2021-04-28,329.8150634765625
2021-04-29,331.001953125
2021-04-30,328.83233642578125
2021-05-03,327.08111572265625
2021-05-04,321.195068359375
2021-05-05,320.1151123046875
2021-05-06,322.52801513671875
2021-05-07,325.1450500488281
2021-05-10,316.9337463378906
2021-05-11,316.4959411621094
2021-05-12,308.3041076660156
2021-05-13,310.68768310546875
2021-05-14,317.54669189453125
2021-05-17,315.6202697753906
2021-05-18,313.48968505859375
2021-05-19,313.849609375
2021-05-20,319.9205322265625
2021-05-21,318.1498718261719
2021-05-24,323.5008239746094
2021-05-25,323.9483947753906
2021-05-26,325.07696533203125
2021-05-27,323.86083984375
2021-05-28,324.88238525390625
2021-06-01,323.8024597167969
2021-06-02,324.4348449707031
2021-06-03,321.05889892578125
2021-06-04,326.50714111328125
2021-06-07,327.4800720214844
2021-06-08,327.6357116699219
2021-06-09,327.7135314941406
2021-06-10,331.12847900390625
2021-06-11,331.99432373046875
2021-06-14,335.1757507324219
2021-06-15,332.9866638183594
2021-06-16,331.7705383300781
2021-06-17,335.98321533203125
2021-06-18,333.3466796875
2021-06-21,335.41839599609375
2021-06-22,338.5450439453125
2021-06-23,338.7106018066406
2021-06-24,340.8049011230469
2021-06-25,340.38604736328125
2021-06-28,344.5256652832031
2021-06-29,345.7723388671875
2021-06-30,345.2268981933594
2021-07-01,345.3633117675781
2021-07-02,349.3276062011719
2021-07-06,350.83740234375
2021-07-07,351.5776672363281
2021-07-08,349.4542541503906
2021-07-09,351.63604736328125
2021-07-12,353.00946044921875
2021-07-13,353.00946044921875
2021-07-14,353.6426086425781
2021-07-15,351.1588134765625
2021-07-16,348.3146057128906
2021-07-19,345.46075439453125
2021-07-20,349.4737548828125
2021-07-21,352.1719055175781
2021-07-22,354.4997253417969
2021-07-23,358.6394348144531
2021-07-26,358.92181396484375
2021-07-27,354.9673156738281
2021-07-28,356.33087158203125
2021-07-29,356.9641418457031
2021-07-30,355.1036682128906
2021-08-02,355.1329040527344
2021-08-03,357.285400390625
2021-08-04,357.80181884765625
2021-08-05,360.0713195800781
2021-08-06,358.4932861328125
2021-08-09,359.1556701660156
2021-08-10,357.314697265625
2021-08-11,356.7010803222656
2021-08-12,357.98681640625
2021-08-13,359.2433776855469
2021-08-16,359.39923095703125
2021-08-17,356.2335510253906
2021-08-18,352.8049621582031
2021-08-19,354.509521484375
2021-08-20,358.181640625
2021-08-23,363.5388488769531
2021-08-24,364.6492004394531
2021-08-25,365.06805419921875
2021-08-26,362.74981689453125
2021-08-27,366.2758483886719
2021-08-30,370.38623046875
2021-08-31,370.0842590332031
2021-09-01,370.6979064941406
2021-09-02,370.5225830078125
2021-09-03,371.6622314453125
2021-09-07,372.1882019042969
2021-09-08,370.89276123046875
2021-09-09,369.6167297363281
2021-09-10,366.8114929199219
2021-09-13,366.55828857421875
2021-09-14,365.5161437988281
2021-09-15,368.2336120605469
2021-09-16,368.48687744140625
2021-09-17,364.1231994628906
2021-09-20,356.5992431640625
2021-09-21,357.0380554199219
2021-09-22,360.3729248046875
2021-09-23,363.6981201171875
2021-09-24,364.03936767578125
2021-09-27,361.133544921875
2021-09-28,350.914306640625
2021-09-29,350.3389892578125
2021-09-30,349.0518493652344
2021-10-01,351.21661376953125
2021-10-04,343.84478759765625
2021-10-05,348.4862976074219
2021-10-06,350.7193603515625
2021-10-07,353.9371643066406
2021-10-08,352.17230224609375
2021-10-11,349.4712219238281
2021-10-12,348.25225830078125
2021-10-13,351.04107666015625
2021-10-14,357.506103515625
2021-10-15,359.75860595703125
2021-10-18,363.3763122558594
2021-10-19,366.1260986328125
2021-10-20,365.64825439453125
2021-10-21,367.8812561035156
2021-10-22,364.79022216796875
2021-10-25,368.52484130859375
2021-10-26,369.68524169921875
2021-10-27,370.5433654785156
2021-10-28,374.6584167480469
2021-10-29,376.5013122558594
2021-11-01,377.7884521484375
2021-11-02,379.3681640625
2021-11-03,383.3953552246094
2021-11-04,388.3099670410156
2021-11-05,388.68048095703125
2021-11-08,388.1539306640625
2021-11-09,385.48211669921875
2021-11-10,379.8167419433594
2021-11-11,380.8697509765625
2021-11-12,384.87750244140625
2021-11-15,384.7897644042969
2021-11-16,387.5298767089844
2021-11-17,387.7345886230469
2021-11-18,391.7521057128906
2021-11-19,393.93634033203125
2021-11-22,389.3630676269531
2021-11-23,387.5884094238281
2021-11-24,388.83648681640625
2021-11-26,381.4646911621094
2021-11-29,389.7433776855469
2021-11-30,384.01947021484375
2021-12-01,377.48614501953125
2021-12-02,380.2067565917969
2021-12-03,373.59552001953125
2021-12-06,376.5890808105469
2021-12-07,387.9296569824219
2021-12-08,389.6653747558594
2021-12-09,383.9317321777344
2021-12-10,388.105224609375
2021-12-13,382.49822998046875
2021-12-14,378.539306640625
2021-12-15,387.1690673828125
2021-12-16,377.21307373046875
2021-12-17,375.3311767578125
2021-12-20,371.6903076171875
2021-12-21,380.00885009765625
2021-12-22,384.6368713378906
2021-12-23,387.5367126464844
2021-12-27,393.9415588378906
2021-12-28,392.1156921386719
2021-12-29,392.05712890625
2021-12-30,390.8855895996094
2021-12-31,388.4447021484375
2022-01-03,392.1841125488281
2022-01-04,387.0972595214844
2022-01-05,375.2052307128906
2022-01-06,374.94158935546875
2022-01-07,370.8799133300781
2022-01-10,371.1239929199219
2022-01-11,376.69903564453125
2022-01-12,378.1928405761719
2022-01-13,368.7319641113281
2022-01-14,371.0263671875
2022-01-18,361.78997802734375
2022-01-19,357.8163146972656
2022-01-20,353.1687927246094
2022-01-21,343.3758544921875
2022-01-24,344.94781494140625
2022-01-25,336.9514465332031
2022-01-26,336.4241943359375
2022-01-27,333.03631591796875
2022-01-28,343.4833068847656
2022-01-31,354.4673156738281
2022-02-01,356.87884521484375
2022-02-02,359.7787170410156
2022-02-03,345.19189453125
2022-02-04,349.54644775390625
2022-02-07,346.7345275878906
2022-02-08,350.6302490234375
2022-02-09,358.060302734375
2022-02-10,349.95654296875
2022-02-11,338.8553771972656
2022-02-14,339.275146484375
2022-02-15,347.7109375
2022-02-16,347.6230163574219
2022-02-17,337.2834777832031
2022-02-18,333.4365234375
2022-02-22,330.0876159667969
2022-02-23,321.6323547363281
2022-02-24,332.44061279296875
2022-02-25,337.5958251953125
2022-02-28,338.6014709472656
2022-03-01,333.41705322265625
2022-03-02,339.0115966796875
2022-03-03,334.1688232421875
2022-03-04,329.3260803222656
2022-03-07,317.1802062988281
2022-03-08,315.7059020996094
2022-03-09,327.0706787109375
2022-03-10,323.4386291503906
2022-03-11,316.73101806640625
2022-03-14,310.64837646484375
2022-03-15,320.3924255371094
2022-03-16,332.27471923828125
2022-03-17,336.29730224609375
2022-03-18,343.1806335449219
2022-03-21,342.22650146484375
2022-03-22,348.95220947265625
2022-03-23,343.937255859375
2022-03-24,351.58184814453125
2022-03-25,351.28857421875
2022-03-28,356.72381591796875
2022-03-29,362.8629150390625
2022-03-30,358.8548889160156
2022-03-31,354.4069519042969
2022-04-01,353.7325134277344
2022-04-04,361.01531982421875
2022-04-05,352.999267578125
2022-04-06,345.3351745605469
2022-04-07,346.1564025878906
2022-04-08,341.3174133300781
2022-04-11,333.2427062988281
2022-04-12,331.8349914550781
2022-04-13,338.5801696777344
2022-04-14,330.8379211425781
2022-04-18,331.092041015625
2022-04-19,338.4922180175781
2022-04-20,333.5555114746094
2022-04-21,326.6539001464844
2022-04-22,318.10015869140625
2022-04-25,322.1864013671875
2022-04-26,310.0255432128906
2022-04-27,309.65399169921875
2022-04-28,320.6517028808594
2022-04-29,306.2226867675781
2022-05-02,311.3354187011719
2022-05-03,311.6678161621094
2022-05-04,322.2059631347656
2022-05-05,305.9783020019531
2022-05-06,302.31243896484375
2022-05-09,290.48388671875
2022-05-10,294.012939453125
2022-05-11,285.29302978515625
2022-05-12,284.6184997558594
2022-05-13,295.16644287109375
2022-05-16,291.7449951171875
2022-05-17,299.3016052246094
2022-05-18,284.6087646484375
2022-05-19,283.0837707519531
2022-05-20,282.20391845703125
2022-05-23,286.8962707519531
2022-05-24,280.7962646484375
2022-05-25,284.7261047363281
2022-05-26,292.61505126953125
2022-05-27,302.16583251953125
2022-05-31,301.3642272949219
2022-06-01,299.1354064941406
2022-06-02,307.3274230957031
2022-06-03,299.3309631347656
2022-06-06,300.3280029296875
2022-06-07,302.91851806640625
2022-06-08,300.73858642578125
2022-06-09,292.6834411621094
2022-06-10,282.3603210449219
2022-06-13,269.2316589355469
2022-06-14,269.7203369140625
2022-06-15,276.4558410644531
2022-06-16,265.3019104003906
2022-06-17,268.52777099609375
2022-06-21,275.3025817871094
2022-06-22,274.9010925292969
2022-06-23,278.9951171875
2022-06-24,288.554443359375
2022-06-27,286.4388732910156
2022-06-28,277.7120361328125
2022-06-29,277.9666442871094
2022-06-30,274.5190124511719
2022-07-01,276.3310241699219
2022-07-05,281.0617370605469
2022-07-06,282.8639831542969
2022-07-07,288.9169616699219
2022-07-08,289.2793884277344
2022-07-11,283.0989685058594
2022-07-12,280.3565673828125
2022-07-13,279.7787170410156
2022-07-14,280.7777099609375
2022-07-15,285.8708190917969
2022-07-18,283.4515686035156
2022-07-19,292.16864013671875
2022-07-20,296.80145263671875
2022-07-21,301.06201171875
2022-07-22,295.7828063964844
2022-07-25,294.0981750488281
2022-07-26,288.3194580078125
2022-07-27,300.5037841796875
2022-07-28,303.44207763671875
2022-07-29,308.9759521484375
2022-08-01,308.7898864746094
2022-08-02,307.8691711425781
2022-08-03,316.2532958984375
2022-08-04,317.732177734375
2022-08-05,315.1366882324219
2022-08-08,314.1180725097656
2022-08-09,310.5626525878906
2022-08-10,319.230712890625
2022-08-11,317.41876220703125
2022-08-12,323.59906005859375
2022-08-15,326.2142028808594
2022-08-16,325.45025634765625
2022-08-17,321.7381286621094
2022-08-18,322.5119323730469
2022-08-19,316.2237854003906
2022-08-22,307.8985595703125
2022-08-23,307.6439208984375
2022-08-24,308.53515625
2022-08-25,313.9906921386719
2022-08-26,301.12078857421875
2022-08-29,298.1531066894531
2022-08-30,294.8327331542969
2022-08-31,293.1187438964844
2022-09-01,293.2459716796875
2022-09-02,289.1030578613281
2022-09-06,287.026611328125
2022-09-07,292.8249206542969
2022-09-08,294.3430480957031
2022-09-09,300.77801513671875
2022-09-12,304.3529052734375
2022-09-13,287.66326904296875
2022-09-14,289.9453430175781
2022-09-15,285.1166076660156
2022-09-16,283.3732604980469
2022-09-19,285.5799560546875
2022-09-20,283.3036193847656
2022-09-21,278.230712890625
2022-09-22,274.80633544921875
2022-09-23,270.3320007324219
2022-09-26,269.21343994140625
2022-09-27,269.3214416503906
2022-09-28,274.6787414550781
2022-09-29,266.7604675292969
2022-09-30,262.2370910644531
2022-10-03,268.38922119140625
2022-10-04,276.8276062011719
2022-10-05,276.6804504394531
2022-10-06,274.50213623046875
2022-10-07,264.0425720214844
2022-10-10,261.4030456542969
2022-10-11,257.81182861328125
2022-10-12,257.7235412597656
2022-10-13,263.7677917480469
2022-10-14,255.83961486816406
2022-10-17,264.28778076171875
2022-10-18,266.3777770996094
2022-10-19,265.4063720703125
2022-10-20,264.0523376464844
2022-10-21,270.2437438964844
2022-10-24,273.2167663574219
2022-10-25,278.8684997558594
2022-10-26,272.70660400390625
2022-10-27,267.74163818359375
2022-10-28,275.9346923828125
2022-10-31,272.7261962890625
2022-11-01,269.9394836425781
2022-11-02,260.6867980957031
2022-11-03,255.59429931640625
2022-11-04,259.7055358886719
2022-11-07,262.5608825683594
2022-11-08,264.4742431640625
2022-11-09,258.3711242675781
2022-11-10,277.4359130859375
2022-11-11,282.54803466796875
2022-11-14,280.075439453125
2022-11-15,283.951171875
2022-11-16,280.075439453125
2022-11-17,279.457275390625
2022-11-18,279.4670715332031
2022-11-21,276.5921630859375
2022-11-22,280.5757751464844
2022-11-23,283.39190673828125
2022-11-25,281.527587890625
2022-11-28,277.3966979980469
2022-11-29,275.2969055175781
2022-11-30,287.8465576171875
2022-12-01,288.1997985839844
2022-12-02,287.0517578125
2022-12-05,282.2341613769531
2022-12-06,276.38604736328125
2022-12-07,275.2576599121094
2022-12-08,278.5152893066406
2022-12-09,276.73931884765625
2022-12-12,280.2127380371094
2022-12-13,283.22509765625
2022-12-14,281.12530517578125
2022-12-15,271.6861572265625
2022-12-16,269.0957336425781
2022-12-19,265.31396484375
2022-12-20,265.1073913574219
2022-12-21,268.9531555175781
2022-12-22,262.37310791015625
2022-12-23,262.9632263183594
2022-12-27,259.24542236328125
2022-12-28,255.82269287109375
2022-12-29,262.058349609375
2022-12-30,261.9010314941406
2023-01-03,260.1305847167969
2023-01-04,261.36993408203125
2023-01-05,257.2783203125
2023-01-06,264.3795471191406
2023-01-09,266.0909729003906
2023-01-10,268.34332275390625
2023-01-11,272.9856872558594
2023-01-12,274.4610290527344
2023-01-13,276.34942626953125
2023-01-17,276.91009521484375
2023-01-18,273.310302734375
2023-01-19,270.6251525878906
2023-01-20,278.0312805175781
2023-01-23,284.20806884765625
2023-01-24,283.62774658203125
2023-01-25,282.998291015625
2023-01-26,288.5160217285156
2023-01-27,291.38800048828125
2023-01-30,285.4964904785156
2023-01-31,289.7749328613281
2023-02-01,295.97137451171875
2023-02-02,306.5937194824219
2023-02-03,301.14483642578125
2023-02-06,298.5974426269531
2023-02-07,304.7840576171875
2023-02-08,299.36468505859375
2023-02-09,296.7188720703125
2023-02-10,294.77142333984375
2023-02-13,299.4924621582031
2023-02-14,301.7054748535156
2023-02-15,304.0168151855469
2023-02-16,298.3122253417969
2023-02-17,296.20745849609375
2023-02-21,289.1946716308594
2023-02-22,289.4109802246094
2023-02-23,291.9388427734375
2023-02-24,287.050537109375
2023-02-27,289.10614013671875
2023-02-28,288.7323913574219
2023-03-01,286.4112548828125
2023-03-02,288.7814636230469
2023-03-03,294.7517395019531
2023-03-06,295.0861511230469
2023-03-07,291.4666442871094
2023-03-08,292.92236328125
2023-03-09,287.84716796875
2023-03-10,283.8047790527344
2023-03-13,285.9096374511719
2023-03-14,292.4797668457031
2023-03-15,294.01409912109375
2023-03-16,301.7645568847656
2023-03-17,300.33831787109375
2023-03-20,301.4041748046875
2023-03-21,305.708984375
2023-03-22,301.5519104003906
2023-03-23,305.1278076171875
2023-03-24,306.2507629394531
2023-03-27,304.152587890625
2023-03-28,302.5370178222656
2023-03-29,308.05340576171875
2023-03-30,310.9692687988281
2023-03-31,316.1409912109375
2023-04-03,315.3726501464844
2023-04-04,314.3086853027344
2023-04-05,311.2057189941406
2023-04-06,313.30389404296875
2023-04-10,313.1266174316406
2023-04-11,311.1170959472656
2023-04-12,308.3687744140625
2023-04-13,314.40728759765625
2023-04-14,313.8161926269531
2023-04-17,314.08209228515625
2023-04-18,314.1018371582031
2023-04-19,313.9540710449219
2023-04-20,311.56036376953125
2023-04-21,311.8854064941406
2023-04-24,311.23529052734375
2023-04-25,305.3642272949219
2023-04-26,307.2161560058594
2023-04-27,315.56964111328125
2023-04-28,317.7466735839844
2023-05-01,317.3821716308594
2023-05-02,314.6141052246094
2023-05-03,312.5552978515625
2023-05-04,311.4520263671875
2023-05-05,318.0718078613281
2023-05-08,318.8597717285156
2023-05-09,316.8403015136719
2023-05-10,320.2881774902344
2023-05-11,321.33233642578125
2023-05-12,320.1797790527344
2023-05-15,321.91351318359375
2023-05-16,322.2779846191406
2023-05-17,326.1788635253906
2023-05-18,332.2370910644531
2023-05-19,331.48846435546875
2023-05-22,332.60162353515625
2023-05-23,328.3855285644531
2023-05-24,326.7009582519531
2023-05-25,334.6506042480469
2023-05-26,343.2010192871094
2023-05-30,344.75750732421875
2023-05-31,342.7971496582031
2023-06-01,346.7572326660156
2023-06-02,349.35772705078125
2023-06-05,349.60406494140625
2023-06-06,349.544921875
2023-06-07,343.6148681640625
2023-06-08,347.880126953125
2023-06-09,349.21002197265625
2023-06-12,355.11065673828125
2023-06-13,357.83929443359375
2023-06-14,360.4399108886719
2023-06-15,364.7348327636719
2023-06-16,362.43963623046875
2023-06-20,361.9207763671875
2023-06-21,356.9886169433594
2023-06-22,361.2006530761719
2023-06-23,357.6199645996094
2023-06-26,352.82586669921875
2023-06-27,358.8923645019531
2023-06-28,359.59283447265625
2023-06-29,358.8726501464844
2023-06-30,364.4065856933594
2023-07-03,365.2648010253906
2023-07-05,365.2547912597656
2023-07-06,362.47314453125
2023-07-07,361.26971435546875
2023-07-10,361.3880920410156
2023-07-11,363.17352294921875
2023-07-12,367.7604064941406
2023-07-13,374.0044860839844
2023-07-14,373.9256286621094
2023-07-17,377.41754150390625
2023-07-18,380.5050354003906
2023-07-19,380.4162902832031
2023-07-20,371.64691162109375
2023-07-21,370.53228759765625
2023-07-24,371.1241455078125
2023-07-25,373.63958740234375
2023-07-26,372.3966064453125
2023-07-27,371.50885009765625
2023-07-28,378.2757873535156
2023-07-31,378.4729919433594
2023-08-01,377.5951232910156
2023-08-02,369.3091125488281
2023-08-03,368.71728515625
2023-08-04,366.990966796875
2023-08-07,370.0982666015625
2023-08-08,366.9515686035156
2023-08-09,362.91705322265625
2023-08-10,363.5877685546875
2023-08-11,361.26971435546875
2023-08-14,365.323974609375
2023-08-15,361.4472961425781
2023-08-16,357.6199645996094
2023-08-17,353.7137145996094
2023-08-18,353.2697448730469
2023-08-21,358.9615173339844
2023-08-22,358.44854736328125
2023-08-23,364.10076904296875
2023-08-24,356.31787109375
2023-08-25,359.079833984375
2023-08-28,361.7826843261719
2023-08-29,369.6839294433594
2023-08-30,371.74560546875
2023-08-31,372.8602600097656
2023-09-01,372.4656982421875
2023-09-05,372.9391784667969
2023-09-06,369.6543884277344
2023-09-07,367.01068115234375
2023-09-08,367.523681640625
2023-09-11,371.8540954589844
2023-09-12,367.7308349609375
2023-09-13,369.1315612792969
2023-09-14,372.1500244140625
2023-09-15,365.7776184082031
2023-09-18,366.15899658203125
2023-09-19,365.3785705566406
2023-09-20,360.1133117675781
2023-09-21,353.514404296875
2023-09-22,353.5638122558594
2023-09-25,355.24310302734375
2023-09-26,349.9087219238281
2023-09-27,350.7286682128906
2023-09-28,353.66265869140625
2023-09-29,353.9194030761719
2023-10-02,356.8731689453125
2023-10-03,350.61016845703125
2023-10-04,355.3815002441406
2023-10-05,354.3343811035156
2023-10-06,360.2713928222656
2023-10-09,362.1087951660156
2023-10-10,364.1141052246094
2023-10-11,366.7122497558594
2023-10-12,365.4378662109375
2023-10-13,360.84429931640625
2023-10-16,364.9241638183594
2023-10-17,363.7288513183594
2023-10-18,358.9575500488281
2023-10-19,355.5988464355469
2023-10-20,350.2940368652344
2023-10-23,351.35101318359375
2023-10-24,354.7690124511719
2023-10-25,346.08575439453125
2023-10-26,339.48687744140625
2023-10-27,341.1168518066406
2023-10-30,344.9595947265625
2023-10-31,346.60931396484375
2023-11-01,352.6253662109375
2023-11-02,359.0266418457031
2023-11-03,363.2448425292969
2023-11-06,364.7265930175781
2023-11-07,368.17431640625
2023-11-08,368.41131591796875
2023-11-09,365.5761413574219
2023-11-10,373.7951354980469
2023-11-13,372.6294860839844
2023-11-14,380.65081787109375
2023-11-15,380.93731689453125
2023-11-16,381.26336669921875
2023-11-17,381.35223388671875
2023-11-20,385.9951171875
2023-11-21,383.7527160644531
2023-11-22,385.3233947753906
2023-11-24,384.7800598144531
2023-11-27,384.4442138671875
2023-11-28,385.45184326171875
2023-11-29,385.0764465332031
2023-11-30,384.10833740234375
2023-12-01,385.20489501953125
2023-12-04,381.62884521484375
2023-12-05,382.5870666503906
2023-12-06,380.3742370605469
2023-12-07,385.6889343261719
2023-12-08,387.40777587890625
2023-12-11,390.71710205078125
2023-12-12,393.8288269042969
2023-12-13,398.8372802734375
2023-12-14,398.4915771484375
2023-12-15,400.41790771484375
2023-12-18,402.9399719238281
2023-12-19,404.99884033203125
2023-12-20,398.9806213378906
2023-12-21,403.6229248046875
2023-12-22,404.2267761230469
2023-12-26,406.7012939453125
2023-12-27,407.52923583984375
2023-12-28,407.3311767578125
2023-12-29,405.568359375
2024-01-02,398.70526123046875
2024-01-03,394.486328125
2024-01-04,392.4561462402344
2024-01-05,392.9216003417969
2024-01-08,401.0424499511719
2024-01-09,401.8347473144531
2024-01-10,404.5581970214844
2024-01-11,405.3999938964844
2024-01-12,405.6079406738281
2024-01-16,405.568359375
2024-01-17,403.2806396484375
2024-01-18,409.0048828125
2024-01-19,417.1158447265625
2024-01-22,417.6605529785156
2024-01-23,419.3937072753906
2024-01-24,421.720947265625
2024-01-25,422.2359313964844
2024-01-26,419.720458984375
2024-01-29,424.0185852050781
2024-01-30,421.1960754394531
2024-01-31,412.94647216796875
2024-02-01,417.80908203125
2024-02-02,424.8703308105469
2024-02-05,424.3157653808594
2024-02-06,423.4639892578125
2024-02-07,427.8215637207031
2024-02-08,428.6138610839844
2024-02-09,432.83270263671875
2024-02-12,431.1391906738281
2024-02-13,424.4147033691406
2024-02-14,429.0396728515625
2024-02-15,430.3172607421875
2024-02-16,426.415283203125
2024-02-20,423.1966247558594
2024-02-21,421.5030517578125
2024-02-22,433.8429260253906
2024-02-23,432.5653381347656
2024-02-26,432.3374938964844
2024-02-27,433.3774108886719
2024-02-28,431.0699462890625
2024-02-29,434.7638854980469
2024-03-01,441.31011962890625
2024-03-04,439.7354431152344
2024-03-05,431.8423767089844
2024-03-06,434.5559387207031
2024-03-07,441.1517028808594
2024-03-08,434.78369140625
2024-03-11,433.16949462890625
2024-03-12,439.3789367675781
2024-03-13,436.0018005371094
2024-03-14,434.902587890625
2024-03-15,429.7329406738281
2024-03-18,433.8314514160156
2024-03-19,434.9123840332031
2024-03-20,440.0689697265625
2024-03-21,442.1514587402344
2024-03-22,442.6572570800781
2024-03-25,441.0507507324219
2024-03-26,439.6227722167969
2024-03-27,441.1201477050781
2024-03-28,440.3070068359375
2024-04-01,441.2391662597656
2024-04-02,437.4311828613281
2024-04-03,438.41290283203125
2024-04-04,431.70928955078125
2024-04-05,436.7965393066406
2024-04-08,436.9254455566406
2024-04-09,438.5418701171875
2024-04-10,434.7140808105469
2024-04-11,441.6556396484375
2024-04-12,434.6148681640625
2024-04-15,427.4649963378906
2024-04-16,427.50469970703125
2024-04-17,422.28851318359375
2024-04-18,419.8787841796875
2024-04-19,411.1918640136719
2024-04-22,415.32708740234375
2024-04-23,421.52496337890625
2024-04-24,422.9529724121094
2024-04-25,420.9101257324219
2024-04-26,427.4054870605469
2024-04-29,429.1408996582031
2024-04-30,421.0489501953125
2024-05-01,418.0045471191406
2024-05-02,423.3396911621094
2024-05-03,431.84814453125
2024-05-06,436.5783386230469
2024-05-07,436.6477966308594
2024-05-08,436.3899841308594
2024-05-09,437.3419189453125
2024-05-10,438.373291015625
2024-05-13,439.384765625
2024-05-14,442.2109375
2024-05-15,449.12286376953125
2024-05-16,448.2105407714844
2024-05-17,447.9923400878906
2024-05-20,451.1160888671875
2024-05-21,451.9986877441406
2024-05-22,451.9094543457031
2024-05-23,449.8765563964844
2024-05-24,454.1307678222656
2024-05-28,455.8463134765625
2024-05-29,452.63336181640625
2024-05-30,447.7840881347656
2024-05-31,446.95111083984375
2024-06-03,449.3509521484375
2024-06-04,450.58056640625
2024-06-05,459.6642150878906
2024-06-06,459.5054931640625
2024-06-07,459.09893798828125
2024-06-10,460.9533386230469
2024-06-11,464.1167297363281
2024-06-12,470.1956481933594
2024-06-13,472.7442321777344
2024-06-14,475.1936340332031
2024-06-17,481.0146484375
2024-06-18,481.16339111328125
2024-06-20,477.4546203613281
2024-06-21,476.1753845214844
2024-06-24,470.7542419433594
2024-06-25,476.1376037597656
2024-06-26,477.12091064453125
2024-06-27,478.3525085449219
2024-06-28,475.8694152832031
2024-07-01,478.66046142578125
2024-07-02,483.6862487792969
2024-07-03,487.71875
2024-07-05,492.80413818359375
2024-07-08,493.97613525390625
2024-07-09,494.4032287597656
2024-07-10,499.5581359863281
2024-07-11,488.6027526855469
2024-07-12,491.4731750488281
2024-07-15,492.7941589355469
2024-07-16,492.98291015625
2024-07-17,478.5114440917969
2024-07-18,476.2468566894531
2024-07-19,472.025634765625
2024-07-22,479.0577392578125
2024-07-23,477.3692321777344
2024-07-24,460.245849609375
2024-07-25,455.1703796386719
2024-07-26,459.8386535644531
2024-07-29,460.7622985839844
2024-07-30,454.4354553222656
2024-07-31,467.8838195800781
2024-08-01,456.5509948730469
2024-08-02,445.71478271484375
2024-08-05,432.42529296875
2024-08-06,436.5571594238281
2024-08-07,431.829345703125
2024-08-08,445.0393981933594
2024-08-09,447.363525390625
2024-08-12,448.3270263671875
2024-08-13,459.45123291015625
2024-08-14,459.6002197265625
2024-08-15,471.211181640625
2024-08-16,471.8170166015625
2024-08-19,478.0148010253906
2024-08-20,477.0116882324219
2024-08-21,479.2365417480469
2024-08-22,471.6382751464844
2024-08-23,476.75341796875
2024-08-26,472.12493896484375
2024-08-27,473.53533935546875
2024-08-28,468.16192626953125
2024-08-29,467.4765930175781
2024-08-30,473.0486755371094
2024-09-03,458.68646240234375
2024-09-04,457.49456787109375
2024-09-05,457.9216613769531
2024-09-06,445.65521240234375
2024-09-09,451.3861389160156
2024-09-10,455.5577697753906
2024-09-11,465.45037841796875
2024-09-12,470.0192565917969
2024-09-13,472.12493896484375
2024-09-16,470.0391540527344
2024-09-17,470.2874755859375
2024-09-18,468.2513427734375
2024-09-19,480.0906677246094
2024-09-20,479.1768798828125
2024-09-23,480.4470520019531
2024-09-24,482.7645568847656
2024-09-25,483.2121276855469
2024-09-26,486.8425598144531
2024-09-27,484.13714599609375
2024-09-30,485.4500427246094
2024-10-01,478.6865234375
2024-10-02,479.3629150390625
2024-10-03,479.00482177734375
2024-10-04,484.7040710449219
2024-10-07,479.5120849609375
2024-10-08,486.6734619140625
2024-10-09,490.50274658203125
2024-10-10,489.94580078125
2024-10-11,490.71160888671875
2024-10-14,494.8294677734375
2024-10-15,488.2151184082031
2024-10-16,488.2748107910156
2024-10-17,488.6130065917969
2024-10-18,491.8157043457031
2024-10-21,492.7606201171875
2024-10-22,493.2976989746094
2024-10-23,485.73846435546875
2024-10-24,489.67724609375
2024-10-25,492.6611633300781
2024-10-28,492.74072265625
2024-10-29,497.47515869140625
2024-10-30,493.7154541015625
2024-10-31,481.2527160644531
2024-11-01,484.8134765625
2024-11-04,483.401123046875
2024-11-05,489.56781005859375
2024-11-06,502.86602783203125
2024-11-07,510.7832946777344
2024-11-08,511.38018798828125
2024-11-11,511.08172607421875
2024-11-12,510.1567077636719
2024-11-13,509.5002746582031
2024-11-14,505.9593811035156
2024-11-15,493.9044494628906
2024-11-18,497.3359069824219
2024-11-19,500.7574768066406
2024-11-20,500.4690246582031
2024-11-21,502.269287109375
2024-11-22,503.074951171875
2024-11-25,503.87060546875
2024-11-26,506.5760192871094
2024-11-27,502.5875244140625
2024-11-29,507.00372314453125
2024-12-02,512.52392578125
2024-12-03,514.095458984375
2024-12-04,520.451171875
2024-12-05,519.0089111328125
2024-12-06,523.65380859375
2024-12-09,519.575927734375
2024-12-10,517.8053588867188
2024-12-11,527.075439453125
2024-12-12,523.6737670898438
2024-12-13,527.68212890625
2024-12-16,535.2811279296875
2024-12-17,532.923828125
2024-12-18,513.6975708007812
2024-12-19,511.40997314453125
2024-12-20,515.8758544921875
2024-12-23,520.90185546875
2024-12-24,527.9652099609375
2024-12-26,527.6065673828125
2024-12-27,520.593017578125
2024-12-30,513.6691284179688
2024-12-31,509.3056640625
2025-01-02,508.3094482421875
2025-01-03,516.6280517578125
2025-01-06,522.5656127929688
2025-01-07,513.2407836914062
2025-01-08,513.3304443359375
2025-01-10,505.2808837890625
2025-01-13,503.6570129394531
2025-01-14,503.1788024902344
2025-01-15,514.7550659179688
2025-01-16,511.1487121582031
2025-01-17,519.776123046875
2025-01-21,522.8246459960938
2025-01-22,529.5093383789062
2025-01-23,530.6351318359375
2025-01-24,527.6364135742188
2025-01-27,512.2745361328125
2025-01-28,519.8458251953125
2025-01-29,518.8695678710938
2025-01-30,521.0811767578125
2025-01-31,520.3240356445312
2025-02-03,516.1597900390625
2025-02-04,522.495849609375
2025-02-05,524.8668823242188
2025-02-06,527.6065673828125
2025-02-07,520.9515991210938
2025-02-10,527.2578125
2025-02-11,526.0025634765625
2025-02-12,526.3114013671875
2025-02-13,533.8828125
2025-02-14,536.1243286132812
2025-02-18,537.3397827148438
2025-02-19,537.4891967773438
2025-02-20,535.2078247070312
2025-02-21,524.0997314453125
2025-02-24,517.9131469726562
2025-02-25,511.3877868652344
2025-02-26,512.6231079101562
2025-02-27,498.3869323730469
2025-02-28,506.2572021484375
2025-03-03,495.1790466308594
2025-03-04,493.6846923828125
2025-03-05,500.1203918457031
2025-03-06,486.36236572265625
2025-03-07,489.9388732910156
2025-03-10,470.95062255859375
2025-03-11,469.8248596191406
2025-03-12,475.1248474121094
2025-03-13,466.5771179199219
2025-03-14,477.8544921875
2025-03-17,480.9527587890625
2025-03-18,472.7537841796875
2025-03-19,479.0798645019531
2025-03-20,477.4560241699219
2025-03-21,479.0300598144531
2025-03-24,489.54205322265625
2025-03-25,492.3356628417969
2025-03-26,483.2763671875
2025-03-27,480.52264404296875
2025-03-28,467.8715515136719
2025-03-31,467.85162353515625
2025-04-01,471.62298583984375
2025-04-02,475.0650939941406
2025-04-03,449.6331787109375
2025-04-04,421.70697021484375
2025-04-07,422.7246398925781
2025-04-08,415.11199951171875
2025-04-09,464.938232421875
2025-04-10,445.16339111328125
2025-04-11,453.36468505859375
2025-04-14,456.43768310546875
2025-04-15,456.94647216796875
2025-04-16,443.1679382324219
2025-04-17,443.088134765625
2025-04-21,432.1231384277344
2025-04-22,443.46728515625
2025-04-23,453.5242919921875
2025-04-24,466.28515625
2025-04-25,471.4832763671875
2025-04-28,471.3336181640625
2025-04-29,474.446533203125
2025-04-30,474.38665771484375
2025-05-01,480.5824890136719
2025-05-02,487.7162170410156
2025-05-05,484.82281494140625
2025-05-06,480.3131408691406
2025-05-07,482.1988220214844
2025-05-08,487.1774597167969
2025-05-09,486.8581848144531
2025-05-12,506.69287109375
2025-05-13,514.4152221679688
2025-05-14,517.4982299804688
2025-05-15,518.06689453125
2025-05-16,520.32177734375
2025-05-19,520.8206787109375
2025-05-20,519.0846557617188
2025-05-21,511.8710632324219
2025-05-22,512.8289184570312
2025-05-23,508.0797119140625
2025-05-27,520.0324096679688
2025-05-28,517.7276611328125
2025-05-29,518.745361328125
2025-05-30,517.92724609375
2025-06-02,522.0179443359375
2025-06-03,526.0985717773438
2025-06-04,527.5652465820312
2025-06-05,523.5942993164062
2025-06-06,528.7125854492188
2025-06-09,529.4908447265625
2025-06-10,532.9928588867188
2025-06-11,531.1968994140625
2025-06-12,532.444091796875
2025-06-13,525.7593994140625
2025-06-16,533.0726318359375
2025-06-17,527.87451171875
2025-06-18,527.78466796875
2025-06-20,525.629638671875
2025-06-23,531.034423828125
2025-06-24,539.1549682617188
2025-06-25,540.5333251953125
2025-06-26,545.5874633789062
2025-06-27,547.4553833007812
2025-06-30,551.001220703125
2025-07-01,546.3566284179688
2025-07-02,550.1621704101562
2025-07-03,555.575927734375
2025-07-07,551.3908081054688
2025-07-08,551.700439453125
2025-07-09,555.6058959960938
2025-07-10,554.8068237304688
2025-07-11,553.5582885742188
2025-07-14,555.5659790039062
2025-07-15,556.0753173828125
2025-07-16,556.6446533203125
2025-07-17,561.1494750976562
2025-07-18,560.610107421875
2025-07-21,563.5167236328125
2025-07-22,560.60009765625
2025-07-23,563.1571655273438
2025-07-24,564.3557739257812
2025-07-25,565.7141723632812
2025-07-28,567.4821166992188
2025-07-29,566.6031494140625
2025-07-30,567.3623046875
2025-07-31,564.3557739257812
2025-08-01,553.2386474609375
2025-08-04,563.44677734375
2025-08-05,559.6212768554688
2025-08-06,566.6630859375
2025-08-07,568.5808715820312
2025-08-08,573.8847045898438
2025-08-11,572.1866455078125
2025-08-12,579.3782958984375
2025-08-13,579.6680297851562
2025-08-14,579.2185668945312
2025-08-15,576.6715087890625
2025-08-18,576.4417114257812
2025-08-19,568.620849609375
2025-08-20,565.2447509765625
2025-08-21,562.6278076171875
2025-08-22,571.3076782226562
2025-08-25,569.6596069335938
2025-08-26,571.9469604492188
2025-08-27,572.825927734375
2025-08-28,576.4118041992188
2025-08-29,569.7395629882812
2025-09-02,564.9650268554688
2025-09-03,569.409912109375
2025-09-04,574.5639038085938
2025-09-05,575.3929443359375
2025-09-08,578.19970703125
2025-09-09,579.8378295898438
2025-09-10,580.027587890625
2025-09-11,583.4036865234375
2025-09-12,585.9806518554688
2025-09-15,590.994873046875
2025-09-16,590.4954223632812
2025-09-17,589.3168334960938
2025-09-18,594.6306762695312
2025-09-19,598.6559448242188
2025-09-22,602.2000122070312
2025-09-23,598.2000122070312
2025-09-24,596.0999755859375
2025-09-25,593.530029296875
2025-09-26,595.969970703125
2025-09-29,598.72998046875
2025-09-30,600.3699951171875
2025-10-01,603.25
2025-10-02,605.72998046875
2025-10-03,603.1799926757812
2025-10-06,607.7100219726562
2025-10-07,604.510009765625
2025-10-08,611.4400024414062
2025-10-09,610.7000122070312
2025-10-10,589.5
2025-10-13,602.010009765625
2025-10-14,598
2025-10-15,602.219970703125
2025-10-16,599.989990234375
2025-10-17,603.9299926757812
2025-10-20,611.5399780273438
2025-10-21,611.3800048828125
2025-10-22,605.489990234375
2025-10-23,610.5800170898438
2025-10-24,617.0999755859375
2025-10-27,628.0900268554688
2025-10-28,632.9199829101562
2025-10-29,635.77001953125
2025-10-30,626.0499877929688
2025-10-31,629.0700073242188
2025-11-03,632.0800170898438
2025-11-04,619.25
2025-11-05,623.280029296875
2025-11-06,611.6699829101562
2025-11-07,609.739990234375
2025-11-10,623.22998046875
2025-11-11,621.5700073242188
2025-11-12,621.0800170898438
2025-11-13,608.4000244140625
2025-11-14,608.8599853515625
2025-11-17,603.6599731445312
2025-11-18,596.3099975585938
2025-11-19,599.8699951171875
2025-11-20,585.6699829101562
2025-11-21,590.0700073242188
2025-11-24,605.1599731445312
2025-11-25,608.8900146484375
2025-11-26,614.27001953125
2025-11-28,619.25